Datetime;Resolution code;Quarter hour;Quality status;ACE;System imbalance;Alpha;Alpha';Marginal incremental price;Marginal decremental price;Imbalance Price
2025-04-08T08:21:00+02:00;PT1M;2025-04-08T08:15:00+02:00;DataIssue;0.132;152.667;0.826;0.0;80.567;50.0;49.174
2025-04-08T08:20:00+02:00;PT1M;2025-04-08T08:15:00+02:00;DataIssue;-0.482;155.766;0.845;0.0;81.428;50.0;49.155
2025-04-08T08:19:00+02:00;PT1M;2025-04-08T08:15:00+02:00;DataIssue;-0.429;155.806;0.846;0.0;82.45;50.0;49.154
2025-04-08T08:18:00+02:00;PT1M;2025-04-08T08:15:00+02:00;DataIssue;-0.278;163.454;0.897;0.0;80.0;50.0;49.103
2025-04-08T08:17:00+02:00;PT1M;2025-04-08T08:15:00+02:00;DataIssue;-0.154;182.47;1.037;0.0;80.0;50.0;48.963
2025-04-08T08:16:00+02:00;PT1M;2025-04-08T08:15:00+02:00;DataIssue;-0.076;205.305;1.235;0.0;80.0;50.0;48.765
2025-04-08T08:15:00+02:00;PT1M;2025-04-08T08:15:00+02:00;DataIssue;-0.058;274.964;1.62;0.0;82.729;50.0;48.38
2025-04-08T08:14:00+02:00;PT1M;2025-04-08T08:00:00+02:00;DataIssue;3.211;-34.179;0.0;0.0;210.562;55.0;210.562
2025-04-08T08:13:00+02:00;PT1M;2025-04-08T08:00:00+02:00;DataIssue;3.438;-53.662;0.0;0.0;218.466;55.0;218.466
2025-04-08T08:12:00+02:00;PT1M;2025-04-08T08:00:00+02:00;DataIssue;3.539;-72.047;0.0;0.0;223.148;55.0;223.148
2025-04-08T08:11:00+02:00;PT1M;2025-04-08T08:00:00+02:00;DataIssue;2.693;-94.418;0.0;0.0;223.227;55.0;223.227
2025-04-08T08:10:00+02:00;PT1M;2025-04-08T08:00:00+02:00;DataIssue;-0.972;-121.367;0.0;0.0;224.103;55.0;224.103
2025-04-08T08:09:00+02:00;PT1M;2025-04-08T08:00:00+02:00;DataIssue;-8.401;-149.343;0.0;0.0;229.698;55.0;229.698
2025-04-08T08:08:00+02:00;PT1M;2025-04-08T08:00:00+02:00;DataIssue;-21.848;-176.849;1.548;0.0;234.62;55.0;236.168
2025-04-08T08:07:00+02:00;PT1M;2025-04-08T08:00:00+02:00;DataIssue;-37.392;-182.828;1.519;0.0;244.977;55.0;246.496
2025-04-08T08:06:00+02:00;PT1M;2025-04-08T08:00:00+02:00;DataIssue;-57.124;-182.879;1.406;0.0;256.565;55.0;257.971
2025-04-08T08:05:00+02:00;PT1M;2025-04-08T08:00:00+02:00;DataIssue;-67.373;-171.21;1.311;0.0;253.872;55.0;255.183
2025-04-08T08:04:00+02:00;PT1M;2025-04-08T08:00:00+02:00;DataIssue;-76.368;-154.554;1.208;0.0;247.089;55.0;248.297
2025-04-08T08:03:00+02:00;PT1M;2025-04-08T08:00:00+02:00;DataIssue;-77.218;-137.501;0.0;0.0;237.133;55.0;237.133
2025-04-08T08:02:00+02:00;PT1M;2025-04-08T08:00:00+02:00;DataIssue;-69.292;-126.48;;0.0;;55.0;
2025-04-08T08:01:00+02:00;PT1M;2025-04-08T08:00:00+02:00;DataIssue;-35.018;-84.128;0.0;0.0;167.995;55.0;167.995
2025-04-08T08:00:00+02:00;PT1M;2025-04-08T08:00:00+02:00;DataIssue;-3.525;-29.045;0.0;0.0;82.948;55.0;82.948
2025-04-08T07:59:00+02:00;PT1M;2025-04-08T07:45:00+02:00;DataIssue;0.735;117.146;0.0;0.0;143.7;52.2;52.2
2025-04-08T07:58:00+02:00;PT1M;2025-04-08T07:45:00+02:00;DataIssue;0.62;125.032;0.0;0.0;143.7;52.14;52.14
2025-04-08T07:57:00+02:00;PT1M;2025-04-08T07:45:00+02:00;DataIssue;-0.763;131.206;0.0;0.0;143.7;52.068;52.068
2025-04-08T07:56:00+02:00;PT1M;2025-04-08T07:45:00+02:00;DataIssue;-0.766;141.669;0.0;0.0;143.7;51.658;51.658
2025-04-08T07:55:00+02:00;PT1M;2025-04-08T07:45:00+02:00;DataIssue;-0.248;154.23;1.234;0.0;143.7;51.24;50.006
2025-04-08T07:54:00+02:00;PT1M;2025-04-08T07:45:00+02:00;DataIssue;0.355;159.729;1.287;0.0;143.7;49.014;47.727
2025-04-08T07:53:00+02:00;PT1M;2025-04-08T07:45:00+02:00;DataIssue;0.072;158.444;1.274;0.0;143.7;46.293;45.019
2025-04-08T07:52:00+02:00;PT1M;2025-04-08T07:45:00+02:00;DataIssue;0.63;153.271;1.225;0.0;143.7;43.587;42.362
2025-04-08T07:51:00+02:00;PT1M;2025-04-08T07:45:00+02:00;DataIssue;1.637;148.366;0.0;0.0;143.7;43.434;43.434
2025-04-08T07:50:00+02:00;PT1M;2025-04-08T07:45:00+02:00;DataIssue;1.913;141.161;0.0;0.0;143.7;43.245;43.245
2025-04-08T07:49:00+02:00;PT1M;2025-04-08T07:45:00+02:00;DataIssue;0.214;127.515;0.0;0.0;143.7;42.932;42.932
2025-04-08T07:48:00+02:00;PT1M;2025-04-08T07:45:00+02:00;DataIssue;0.653;119.418;0.0;0.0;143.7;42.082;42.082
2025-04-08T07:47:00+02:00;PT1M;2025-04-08T07:45:00+02:00;DataIssue;-0.567;107.413;;;;;41.4
2025-04-08T07:46:00+02:00;PT1M;2025-04-08T07:45:00+02:00;DataIssue;-1.265;108.621;0.0;0.0;143.7;47.654;47.654
2025-04-08T07:45:00+02:00;PT1M;2025-04-08T07:45:00+02:00;DataIssue;-0.954;70.458;0.0;0.0;143.7;53.7;53.7
2025-04-08T07:44:00+02:00;PT1M;2025-04-08T07:30:00+02:00;DataIssue;0.6;85.126;0.0;0.0;143.1;46.684;46.684
2025-04-08T07:43:00+02:00;PT1M;2025-04-08T07:30:00+02:00;DataIssue;0.39;84.903;0.0;0.0;143.1;45.868;45.868
2025-04-08T07:42:00+02:00;PT1M;2025-04-08T07:30:00+02:00;DataIssue;0.287;88.861;0.0;0.0;143.1;46.081;46.081
2025-04-08T07:41:00+02:00;PT1M;2025-04-08T07:30:00+02:00;DataIssue;0.293;95.848;0.0;0.0;143.1;46.153;46.153
2025-04-08T07:40:00+02:00;PT1M;2025-04-08T07:30:00+02:00;DataIssue;0.333;102.792;0.0;0.0;143.1;45.92;45.92
2025-04-08T07:39:00+02:00;PT1M;2025-04-08T07:30:00+02:00;DataIssue;0.366;106.241;0.0;0.0;143.1;45.419;45.419
2025-04-08T07:38:00+02:00;PT1M;2025-04-08T07:30:00+02:00;DataIssue;0.482;106.634;0.0;0.0;143.1;46.247;46.247
2025-04-08T07:37:00+02:00;PT1M;2025-04-08T07:30:00+02:00;DataIssue;0.543;107.743;;0.0;;44.551;
2025-04-08T07:36:00+02:00;PT1M;2025-04-08T07:30:00+02:00;DataIssue;0.699;104.421;0.0;0.0;143.1;43.736;43.736
2025-04-08T07:35:00+02:00;PT1M;2025-04-08T07:30:00+02:00;DataIssue;1.255;92.964;0.0;0.0;143.1;47.208;47.208
2025-04-08T07:34:00+02:00;PT1M;2025-04-08T07:30:00+02:00;DataIssue;1.629;88.434;0.0;0.0;143.1;51.48;51.48
2025-04-08T07:33:00+02:00;PT1M;2025-04-08T07:30:00+02:00;DataIssue;2.152;92.156;0.0;0.0;143.1;53.1;53.1
2025-04-08T07:32:00+02:00;PT1M;2025-04-08T07:30:00+02:00;DataIssue;3.043;81.348;0.0;0.0;143.1;53.1;53.1
2025-04-08T07:31:00+02:00;PT1M;2025-04-08T07:30:00+02:00;DataIssue;4.292;75.641;0.0;0.0;143.1;53.1;53.1
2025-04-08T07:30:00+02:00;PT1M;2025-04-08T07:30:00+02:00;DataIssue;6.102;31.824;0.0;0.0;143.1;53.1;53.1
2025-04-08T07:29:00+02:00;PT1M;2025-04-08T07:15:00+02:00;DataIssue;2.786;21.272;0.0;0.0;142.6;97.8;97.8
2025-04-08T07:28:00+02:00;PT1M;2025-04-08T07:15:00+02:00;DataIssue;2.99;24.625;0.0;0.0;142.6;97.8;97.8
2025-04-08T07:27:00+02:00;PT1M;2025-04-08T07:15:00+02:00;DataIssue;3.245;28.162;0.0;0.0;142.6;53.0;53.0
2025-04-08T07:26:00+02:00;PT1M;2025-04-08T07:15:00+02:00;DataIssue;3.52;29.205;0.0;0.0;142.6;53.0;53.0
2025-04-08T07:25:00+02:00;PT1M;2025-04-08T07:15:00+02:00;DataIssue;3.828;28.492;0.0;0.0;142.6;53.0;53.0
2025-04-08T07:24:00+02:00;PT1M;2025-04-08T07:15:00+02:00;DataIssue;3.693;28.47;0.0;0.0;142.6;53.0;53.0
2025-04-08T07:23:00+02:00;PT1M;2025-04-08T07:15:00+02:00;DataIssue;3.466;32.86;0.0;0.0;142.6;53.0;53.0
2025-04-08T07:22:00+02:00;PT1M;2025-04-08T07:15:00+02:00;DataIssue;1.8;38.656;0.0;0.0;142.6;53.0;53.0
2025-04-08T07:21:00+02:00;PT1M;2025-04-08T07:15:00+02:00;NotValidated;2.744;47.378;0.0;0.0;142.6;53.0;53.0
2025-04-08T07:20:00+02:00;PT1M;2025-04-08T07:15:00+02:00;NotValidated;3.203;47.618;0.0;0.0;142.6;53.0;53.0
2025-04-08T07:19:00+02:00;PT1M;2025-04-08T07:15:00+02:00;NotValidated;3.844;45.175;0.0;0.0;142.6;53.0;53.0
2025-04-08T07:18:00+02:00;PT1M;2025-04-08T07:15:00+02:00;NotValidated;4.84;47.812;0.0;0.0;142.6;53.0;53.0
2025-04-08T07:17:00+02:00;PT1M;2025-04-08T07:15:00+02:00;NotValidated;6.492;53.286;0.0;0.0;142.6;53.0;53.0
2025-04-08T07:16:00+02:00;PT1M;2025-04-08T07:15:00+02:00;NotValidated;9.738;58.951;0.0;0.0;142.6;53.0;53.0
2025-04-08T07:15:00+02:00;PT1M;2025-04-08T07:15:00+02:00;DataIssue;19.489;70.905;0.0;;;53.0;53.0
2025-04-08T07:14:00+02:00;PT1M;2025-04-08T07:00:00+02:00;DataIssue;11.204;-102.293;0.0;0.0;141.9;53.0;141.9
2025-04-08T07:13:00+02:00;PT1M;2025-04-08T07:00:00+02:00;DataIssue;8.275;-112.431;0.0;0.0;141.9;53.0;141.9
2025-04-08T07:12:00+02:00;PT1M;2025-04-08T07:00:00+02:00;DataIssue;4.18;-120.579;0.0;0.0;141.9;53.0;141.9
2025-04-08T07:11:00+02:00;PT1M;2025-04-08T07:00:00+02:00;DataIssue;-0.384;-121.925;0.0;0.0;141.9;53.0;141.9
2025-04-08T07:10:00+02:00;PT1M;2025-04-08T07:00:00+02:00;DataIssue;-0.564;-115.315;0.0;0.0;141.9;53.0;
2025-04-08T07:09:00+02:00;PT1M;2025-04-08T07:00:00+02:00;DataIssue;-0.501;-106.846;0.0;0.0;141.9;53.0;141.9
2025-04-08T07:08:00+02:00;PT1M;2025-04-08T07:00:00+02:00;DataIssue;-1.874;-101.069;0.0;0.0;141.9;53.0;141.9
2025-04-08T07:07:00+02:00;PT1M;2025-04-08T07:00:00+02:00;DataIssue;-3.773;-97.491;0.0;0.0;141.9;53.0;141.9
2025-04-08T07:06:00+02:00;PT1M;2025-04-08T07:00:00+02:00;DataIssue;-5.312;-92.075;0.0;0.0;141.9;53.0;141.9
2025-04-08T07:05:00+02:00;PT1M;2025-04-08T07:00:00+02:00;DataIssue;-4.691;-74.332;0.0;0.0;141.9;53.0;141.9
2025-04-08T07:04:00+02:00;PT1M;2025-04-08T07:00:00+02:00;DataIssue;-3.876;-59.998;0.0;0.0;141.9;53.0;141.9
2025-04-08T07:03:00+02:00;PT1M;2025-04-08T07:00:00+02:00;DataIssue;-4.597;-44.886;0.0;0.0;141.9;53.0;141.9
2025-04-08T07:02:00+02:00;PT1M;2025-04-08T07:00:00+02:00;DataIssue;-2.687;-26.255;0.0;0.0;141.9;53.0;141.9
2025-04-08T07:01:00+02:00;PT1M;2025-04-08T07:00:00+02:00;DataIssue;-0.906;-13.638;0.0;0.0;97.45;48.941;97.45
2025-04-08T07:00:00+02:00;PT1M;2025-04-08T07:00:00+02:00;DataIssue;1.555;27.216;0.0;0.0;141.9;47.532;47.532
2025-04-08T06:59:00+02:00;PT1M;2025-04-08T06:45:00+02:00;DataIssue;0.794;-53.459;0.0;0.0;150.904;76.1;150.904
2025-04-08T06:58:00+02:00;PT1M;2025-04-08T06:45:00+02:00;DataIssue;-1.085;-63.323;0.0;0.0;156.572;76.1;156.572
2025-04-08T06:57:00+02:00;PT1M;2025-04-08T06:45:00+02:00;DataIssue;-1.897;-74.585;0.0;0.0;162.014;76.1;162.014
2025-04-08T06:56:00+02:00;PT1M;2025-04-08T06:45:00+02:00;DataIssue;-3.359;-83.471;0.0;0.0;166.35;76.1;166.35
2025-04-08T06:55:00+02:00;PT1M;2025-04-08T06:45:00+02:00;DataIssue;-5.024;-90.869;0.0;0.0;168.183;76.1;168.183
2025-04-08T06:54:00+02:00;PT1M;2025-04-08T06:45:00+02:00;DataIssue;-1.876;-93.347;;0.0;165.169;76.1;
2025-04-08T06:53:00+02:00;PT1M;2025-04-08T06:45:00+02:00;DataIssue;-0.689;-95.389;0.0;0.0;164.432;76.1;164.432
2025-04-08T06:52:00+02:00;PT1M;2025-04-08T06:45:00+02:00;DataIssue;1.463;-97.92;0.0;0.0;162.389;76.1;162.389
2025-04-08T06:51:00+02:00;PT1M;2025-04-08T06:45:00+02:00;DataIssue;3.098;-99.021;0.0;0.0;160.877;76.1;160.877
2025-04-08T06:50:00+02:00;PT1M;2025-04-08T06:45:00+02:00;DataIssue;-1.298;-106.887;0.0;0.0;160.857;76.1;160.857
2025-04-08T06:49:00+02:00;PT1M;2025-04-08T06:45:00+02:00;DataIssue;3.077;-99.069;0.0;0.0;150.347;76.1;150.347
2025-04-08T06:48:00+02:00;PT1M;2025-04-08T06:45:00+02:00;DataIssue;3.717;-98.012;0.0;0.0;150.0;76.1;150.0
2025-04-08T06:47:00+02:00;PT1M;2025-04-08T06:45:00+02:00;DataIssue;9.304;-87.152;0.0;0.0;150.0;76.1;150.0
2025-04-08T06:46:00+02:00;PT1M;2025-04-08T06:45:00+02:00;DataIssue;-5.225;-98.05;0.0;0.0;150.0;76.1;150.0
2025-04-08T06:45:00+02:00;PT1M;2025-04-08T06:45:00+02:00;DataIssue;0.656;-91.079;0.0;0.0;150.0;76.1;150.0
2025-04-08T06:44:00+02:00;PT1M;2025-04-08T06:30:00+02:00;DataIssue;4.612;-71.606;0.0;0.0;150.0;75.9;150.0
2025-04-08T06:43:00+02:00;PT1M;2025-04-08T06:30:00+02:00;DataIssue;4.778;-69.248;0.0;0.0;150.0;75.9;150.0
2025-04-08T06:42:00+02:00;PT1M;2025-04-08T06:30:00+02:00;DataIssue;6.038;-66.835;0.0;0.0;150.0;75.9;150.0
2025-04-08T06:41:00+02:00;PT1M;2025-04-08T06:30:00+02:00;DataIssue;6.617;-67.468;0.0;0.0;150.0;75.9;150.0
2025-04-08T06:40:00+02:00;PT1M;2025-04-08T06:30:00+02:00;DataIssue;8.624;-66.912;0.0;0.0;150.0;75.9;150.0
2025-04-08T06:39:00+02:00;PT1M;2025-04-08T06:30:00+02:00;DataIssue;9.263;-70.354;0.0;0.0;150.0;75.9;150.0
2025-04-08T06:38:00+02:00;PT1M;2025-04-08T06:30:00+02:00;DataIssue;9.664;-74.306;0.0;0.0;150.0;75.9;150.0
2025-04-08T06:37:00+02:00;PT1M;2025-04-08T06:30:00+02:00;DataIssue;7.53;-80.198;0.0;0.0;150.0;75.9;150.0
2025-04-08T06:36:00+02:00;PT1M;2025-04-08T06:30:00+02:00;DataIssue;1.309;-89.906;0.0;0.0;150.0;75.9;150.0
2025-04-08T06:35:00+02:00;PT1M;2025-04-08T06:30:00+02:00;DataIssue;0.159;-91.03;0.0;0.0;150.0;75.9;150.0
2025-04-08T06:34:00+02:00;PT1M;2025-04-08T06:30:00+02:00;DataIssue;-0.232;-89.738;0.0;0.0;150.0;75.9;150.0
2025-04-08T06:33:00+02:00;PT1M;2025-04-08T06:30:00+02:00;DataIssue;2.048;-81.109;0.0;0.0;150.0;75.9;150.0
2025-04-08T06:32:00+02:00;PT1M;2025-04-08T06:30:00+02:00;DataIssue;2.009;-79.09;0.0;0.0;150.0;75.9;150.0
2025-04-08T06:31:00+02:00;PT1M;2025-04-08T06:30:00+02:00;DataIssue;-7.768;-87.843;0.0;0.0;150.0;75.9;150.0
2025-04-08T06:30:00+02:00;PT1M;2025-04-08T06:30:00+02:00;DataIssue;-7.759;-75.062;0.0;0.0;150.0;75.9;150.0
2025-04-08T06:29:00+02:00;PT1M;2025-04-08T06:15:00+02:00;DataIssue;30.211;33.87;0.0;0.0;117.0;74.24;74.24
2025-04-08T06:28:00+02:00;PT1M;2025-04-08T06:15:00+02:00;DataIssue;31.597;38.439;0.0;0.0;117.0;72.63;72.63
2025-04-08T06:27:00+02:00;PT1M;2025-04-08T06:15:00+02:00;DataIssue;33.081;43.878;0.0;0.0;117.0;71.042;71.042
2025-04-08T06:26:00+02:00;PT1M;2025-04-08T06:15:00+02:00;DataIssue;36.076;50.606;0.0;0.0;117.0;68.834;68.834
2025-04-08T06:25:00+02:00;PT1M;2025-04-08T06:15:00+02:00;DataIssue;38.467;55.15;0.0;0.0;117.0;68.176;68.176
2025-04-08T06:24:00+02:00;PT1M;2025-04-08T06:15:00+02:00;DataIssue;40.733;57.878;0.0;0.0;117.0;67.861;67.861
2025-04-08T06:23:00+02:00;PT1M;2025-04-08T06:15:00+02:00;DataIssue;44.714;62.249;0.0;0.0;117.0;67.441;67.441
2025-04-08T06:22:00+02:00;PT1M;2025-04-08T06:15:00+02:00;DataIssue;46.221;63.49;0.0;0.0;117.0;66.643;66.643
2025-04-08T06:21:00+02:00;PT1M;2025-04-08T06:15:00+02:00;DataIssue;55.2;69.294;0.0;0.0;117.0;65.19;65.19
2025-04-08T06:20:00+02:00;PT1M;2025-04-08T06:15:00+02:00;DataIssue;67.747;73.772;0.0;0.0;117.0;64.316;64.316
2025-04-08T06:19:00+02:00;PT1M;2025-04-08T06:15:00+02:00;DataIssue;76.995;71.296;0.0;0.0;117.0;66.801;66.801
2025-04-08T06:18:00+02:00;PT1M;2025-04-08T06:15:00+02:00;DataIssue;83.938;65.907;0.0;0.0;117.0;71.06;71.06
2025-04-08T06:17:00+02:00;PT1M;2025-04-08T06:15:00+02:00;DataIssue;76.745;45.36;0.0;0.0;117.0;75.5;75.5
2025-04-08T06:16:00+02:00;PT1M;2025-04-08T06:15:00+02:00;DataIssue;70.107;16.541;0.0;0.0;117.0;96.25;96.25
2025-04-08T06:15:00+02:00;PT1M;2025-04-08T06:15:00+02:00;DataIssue;89.175;20.904;0.0;0.0;117.0;96.25;96.25
2025-04-08T06:14:00+02:00;PT1M;2025-04-08T06:00:00+02:00;DataIssue;0.74;74.741;0.0;0.0;150.0;72.613;72.613
2025-04-08T06:13:00+02:00;PT1M;2025-04-08T06:00:00+02:00;DataIssue;2.772;89.084;0.0;0.0;150.0;67.956;67.956
2025-04-08T06:12:00+02:00;PT1M;2025-04-08T06:00:00+02:00;DataIssue;1.573;100.463;0.0;0.0;150.0;66.692;66.692
2025-04-08T06:11:00+02:00;PT1M;2025-04-08T06:00:00+02:00;DataIssue;3.709;116.958;0.0;0.0;150.0;63.935;63.935
2025-04-08T06:10:00+02:00;PT1M;2025-04-08T06:00:00+02:00;DataIssue;5.108;130.689;0.0;0.0;150.0;63.179;63.179
2025-04-08T06:09:00+02:00;PT1M;2025-04-08T06:00:00+02:00;DataIssue;5.275;142.291;0.0;0.0;150.0;62.934;62.934
2025-04-08T06:08:00+02:00;PT1M;2025-04-08T06:00:00+02:00;DataIssue;7.001;161.575;0.853;0.0;150.0;62.773;61.92
2025-04-08T06:07:00+02:00;PT1M;2025-04-08T06:00:00+02:00;DataIssue;10.052;186.247;1.03;0.0;150.0;62.279;61.249
2025-04-08T06:06:00+02:00;PT1M;2025-04-08T06:00:00+02:00;DataIssue;14.525;204.188;1.182;0.0;150.0;62.307;61.125
2025-04-08T06:05:00+02:00;PT1M;2025-04-08T06:00:00+02:00;DataIssue;11.996;211.675;1.251;0.0;150.0;59.067;57.816
2025-04-08T06:04:00+02:00;PT1M;2025-04-08T06:00:00+02:00;DataIssue;-4.195;203.535;1.176;0.0;150.0;55.523;54.347
2025-04-08T06:03:00+02:00;PT1M;2025-04-08T06:00:00+02:00;DataIssue;-5.141;199.823;1.143;0.0;150.0;55.865;54.722
2025-04-08T06:02:00+02:00;PT1M;2025-04-08T06:00:00+02:00;DataIssue;-12.381;158.925;0.836;0.0;150.0;57.711;56.875
2025-04-08T06:01:00+02:00;PT1M;2025-04-08T06:00:00+02:00;DataIssue;-13.936;134.14;0.0;0.0;150.0;62.528;62.528
2025-04-08T06:00:00+02:00;PT1M;2025-04-08T06:00:00+02:00;DataIssue;-15.858;163.749;0.692;0.0;150.0;68.297;67.605
2025-04-08T05:59:00+02:00;PT1M;2025-04-08T05:45:00+02:00;DataIssue;-2.844;29.505;0.0;0.0;120.0;86.5;86.5
2025-04-08T05:58:00+02:00;PT1M;2025-04-08T05:45:00+02:00;DataIssue;-1.855;17.791;0.0;0.0;120.0;103.25;103.25
2025-04-08T05:57:00+02:00;PT1M;2025-04-08T05:45:00+02:00;DataIssue;-1.002;3.269;0.0;0.0;120.0;103.25;103.25
2025-04-08T05:56:00+02:00;PT1M;2025-04-08T05:45:00+02:00;DataIssue;-0.423;-11.03;0.0;0.0;103.25;86.5;103.25
2025-04-08T05:55:00+02:00;PT1M;2025-04-08T05:45:00+02:00;DataIssue;0.12;-25.932;0.0;0.0;120.0;86.5;120.0
2025-04-08T05:54:00+02:00;PT1M;2025-04-08T05:45:00+02:00;DataIssue;0.672;-46.718;0.0;0.0;120.0;86.5;120.0
2025-04-08T05:53:00+02:00;PT1M;2025-04-08T05:45:00+02:00;DataIssue;1.074;-68.631;0.0;0.0;120.0;86.5;120.0
2025-04-08T05:52:00+02:00;PT1M;2025-04-08T05:45:00+02:00;DataIssue;0.844;-80.873;0.0;0.0;120.0;86.5;120.0
2025-04-08T05:51:00+02:00;PT1M;2025-04-08T05:45:00+02:00;DataIssue;1.408;-87.801;0.0;0.0;120.0;86.5;120.0
2025-04-08T05:50:00+02:00;PT1M;2025-04-08T05:45:00+02:00;DataIssue;1.723;-97.467;0.0;0.0;120.0;86.5;120.0
2025-04-08T05:49:00+02:00;PT1M;2025-04-08T05:45:00+02:00;DataIssue;1.997;-100.251;0.0;0.0;120.0;86.5;120.0
2025-04-08T05:48:00+02:00;PT1M;2025-04-08T05:45:00+02:00;DataIssue;3.825;-103.401;0.0;0.0;120.0;86.5;120.0
2025-04-08T05:47:00+02:00;PT1M;2025-04-08T05:45:00+02:00;DataIssue;5.627;-123.91;0.0;0.0;120.0;86.5;120.0
2025-04-08T05:46:00+02:00;PT1M;2025-04-08T05:45:00+02:00;DataIssue;-3.709;-150.983;1.019;0.0;120.0;86.5;121.019
2025-04-08T05:45:00+02:00;PT1M;2025-04-08T05:45:00+02:00;DataIssue;-29.834;-140.293;0.0;0.0;144.158;86.5;144.158
2025-04-08T05:44:00+02:00;PT1M;2025-04-08T05:30:00+02:00;DataIssue;-1.753;63.41;0.0;0.0;150.0;78.325;78.325
2025-04-08T05:43:00+02:00;PT1M;2025-04-08T05:30:00+02:00;DataIssue;-0.889;70.987;0.0;0.0;150.0;75.562;75.562
2025-04-08T05:42:00+02:00;PT1M;2025-04-08T05:30:00+02:00;DataIssue;-0.878;73.776;0.0;0.0;150.0;73.111;73.111
2025-04-08T05:41:00+02:00;PT1M;2025-04-08T05:30:00+02:00;DataIssue;-0.951;74.727;0.0;0.0;150.0;70.648;70.648
2025-04-08T05:40:00+02:00;PT1M;2025-04-08T05:30:00+02:00;DataIssue;-1.038;73.587;0.0;0.0;150.0;68.895;68.895
2025-04-08T05:39:00+02:00;PT1M;2025-04-08T05:30:00+02:00;DataIssue;-1.174;67.334;0.0;0.0;150.0;65.586;65.586
2025-04-08T05:38:00+02:00;PT1M;2025-04-08T05:30:00+02:00;DataIssue;-1.399;64.49;0.0;0.0;150.0;61.941;61.941
2025-04-08T05:37:00+02:00;PT1M;2025-04-08T05:30:00+02:00;DataIssue;-1.815;66.708;0.0;0.0;150.0;59.986;59.986
2025-04-08T05:36:00+02:00;PT1M;2025-04-08T05:30:00+02:00;DataIssue;-2.004;72.511;0.0;0.0;150.0;57.164;57.164
2025-04-08T05:35:00+02:00;PT1M;2025-04-08T05:30:00+02:00;DataIssue;-2.207;71.551;0.0;0.0;150.0;54.055;54.055
2025-04-08T05:34:00+02:00;PT1M;2025-04-08T05:30:00+02:00;DataIssue;-1.838;61.012;0.0;0.0;150.0;47.277;47.277
2025-04-08T05:33:00+02:00;PT1M;2025-04-08T05:30:00+02:00;DataIssue;-0.695;57.441;0.0;0.0;150.0;47.15;47.15
2025-04-08T05:32:00+02:00;PT1M;2025-04-08T05:30:00+02:00;DataIssue;-0.039;51.478;0.0;0.0;150.0;48.206;48.206
2025-04-08T05:31:00+02:00;PT1M;2025-04-08T05:30:00+02:00;DataIssue;2.538;58.701;0.0;0.0;150.0;56.723;56.723
2025-04-08T05:30:00+02:00;PT1M;2025-04-08T05:30:00+02:00;DataIssue;2.803;19.286;0.0;0.0;150.0;118.1;118.1
2025-04-08T05:29:00+02:00;PT1M;2025-04-08T05:15:00+02:00;DataIssue;3.589;64.047;0.0;0.0;150.0;83.607;83.607
2025-04-08T05:28:00+02:00;PT1M;2025-04-08T05:15:00+02:00;DataIssue;2.669;67.81;0.0;0.0;150.0;82.446;82.446
2025-04-08T05:27:00+02:00;PT1M;2025-04-08T05:15:00+02:00;DataIssue;1.697;74.942;0.0;0.0;150.0;80.845;80.845
2025-04-08T05:26:00+02:00;PT1M;2025-04-08T05:15:00+02:00;DataIssue;1.598;84.743;0.0;0.0;150.0;77.432;77.432
2025-04-08T05:25:00+02:00;PT1M;2025-04-08T05:15:00+02:00;DataIssue;2.265;91.708;0.0;0.0;150.0;74.974;74.974
2025-04-08T05:24:00+02:00;PT1M;2025-04-08T05:15:00+02:00;DataIssue;2.491;93.499;0.0;0.0;150.0;73.709;73.709
2025-04-08T05:23:00+02:00;PT1M;2025-04-08T05:15:00+02:00;DataIssue;2.77;95.75;0.0;0.0;150.0;71.716;71.716
2025-04-08T05:22:00+02:00;PT1M;2025-04-08T05:15:00+02:00;DataIssue;3.168;104.154;0.0;0.0;150.0;70.566;70.566
2025-04-08T05:21:00+02:00;PT1M;2025-04-08T05:15:00+02:00;DataIssue;3.879;112.198;0.0;0.0;150.0;71.08;71.08
2025-04-08T05:20:00+02:00;PT1M;2025-04-08T05:15:00+02:00;DataIssue;4.537;123.09;0.0;0.0;150.0;70.525;70.525
2025-04-08T05:19:00+02:00;PT1M;2025-04-08T05:15:00+02:00;DataIssue;5.578;137.584;0.0;0.0;150.0;70.497;70.497
2025-04-08T05:18:00+02:00;PT1M;2025-04-08T05:15:00+02:00;DataIssue;6.972;148.269;0.0;0.0;150.0;73.744;73.744
2025-04-08T05:17:00+02:00;PT1M;2025-04-08T05:15:00+02:00;DataIssue;1.462;159.863;2.521;0.0;150.0;68.623;66.102
2025-04-08T05:16:00+02:00;PT1M;2025-04-08T05:15:00+02:00;DataIssue;-1.192;147.687;0.0;0.0;150.0;58.643;58.643
2025-04-08T05:15:00+02:00;PT1M;2025-04-08T05:15:00+02:00;DataIssue;-0.468;120.508;0.0;0.0;150.0;49.493;49.493
2025-04-08T05:14:00+02:00;PT1M;2025-04-08T05:00:00+02:00;DataIssue;-0.299;173.201;1.746;0.0;150.0;68.871;67.125
2025-04-08T05:13:00+02:00;PT1M;2025-04-08T05:00:00+02:00;DataIssue;-0.214;177.594;1.805;0.0;150.0;70.595;68.79
2025-04-08T05:12:00+02:00;PT1M;2025-04-08T05:00:00+02:00;DataIssue;-0.206;182.249;1.87;0.0;150.0;71.925;70.055
2025-04-08T05:11:00+02:00;PT1M;2025-04-08T05:00:00+02:00;DataIssue;-0.225;189.397;1.975;0.0;150.0;72.419;70.444
2025-04-08T05:10:00+02:00;PT1M;2025-04-08T05:00:00+02:00;DataIssue;-0.959;194.646;2.055;0.0;150.0;72.278;70.223
2025-04-08T05:09:00+02:00;PT1M;2025-04-08T05:00:00+02:00;DataIssue;-0.634;200.258;2.145;0.0;150.0;72.589;70.444
2025-04-08T05:08:00+02:00;PT1M;2025-04-08T05:00:00+02:00;DataIssue;1.25;207.198;2.261;0.0;150.0;73.19;70.929
2025-04-08T05:07:00+02:00;PT1M;2025-04-08T05:00:00+02:00;DataIssue;5.4;216.291;2.423;0.0;150.0;73.145;70.722
2025-04-08T05:06:00+02:00;PT1M;2025-04-08T05:00:00+02:00;DataIssue;11.51;222.695;2.544;0.0;150.0;72.752;70.208
2025-04-08T05:05:00+02:00;PT1M;2025-04-08T05:00:00+02:00;DataIssue;11.892;228.045;2.65;0.0;150.0;72.394;69.744
2025-04-08T05:04:00+02:00;PT1M;2025-04-08T05:00:00+02:00;DataIssue;19.441;237.002;2.836;0.0;150.0;72.312;69.476
2025-04-08T05:03:00+02:00;PT1M;2025-04-08T05:00:00+02:00;DataIssue;31.854;243.165;2.971;0.0;150.0;73.417;70.446
2025-04-08T05:02:00+02:00;PT1M;2025-04-08T05:00:00+02:00;DataIssue;45.1;245.216;3.018;0.0;150.0;74.867;71.849
2025-04-08T05:01:00+02:00;PT1M;2025-04-08T05:00:00+02:00;DataIssue;52.661;238.887;2.877;0.0;150.0;74.757;71.88
2025-04-08T05:00:00+02:00;PT1M;2025-04-08T05:00:00+02:00;DataIssue;45.745;235.587;1.199;0.0;150.0;72.866;71.667
2025-04-08T04:59:00+02:00;PT1M;2025-04-08T04:45:00+02:00;DataIssue;1.245;111.575;0.0;0.0;129.17;68.574;68.574
2025-04-08T04:58:00+02:00;PT1M;2025-04-08T04:45:00+02:00;DataIssue;-0.99;101.023;0.0;0.0;129.17;66.647;66.647
2025-04-08T04:57:00+02:00;PT1M;2025-04-08T04:45:00+02:00;DataIssue;-1.333;95.755;0.0;0.0;129.17;64.491;64.491
2025-04-08T04:56:00+02:00;PT1M;2025-04-08T04:45:00+02:00;DataIssue;-1.444;94.741;0.0;0.0;129.17;66.834;66.834
2025-04-08T04:55:00+02:00;PT1M;2025-04-08T04:45:00+02:00;DataIssue;-1.419;92.161;0.0;0.0;129.17;69.576;69.576
2025-04-08T04:54:00+02:00;PT1M;2025-04-08T04:45:00+02:00;DataIssue;-0.906;82.116;0.0;0.0;129.17;72.634;72.634
2025-04-08T04:53:00+02:00;PT1M;2025-04-08T04:45:00+02:00;DataIssue;-0.553;65.607;0.0;0.0;129.17;74.852;74.852
2025-04-08T04:52:00+02:00;PT1M;2025-04-08T04:45:00+02:00;DataIssue;-0.58;57.152;0.0;0.0;129.17;76.0;76.0
2025-04-08T04:51:00+02:00;PT1M;2025-04-08T04:45:00+02:00;DataIssue;-0.32;49.091;;0.0;129.17;76.0;
2025-04-08T04:50:00+02:00;PT1M;2025-04-08T04:45:00+02:00;DataIssue;0.053;42.066;0.0;0.0;129.17;76.0;76.0
2025-04-08T04:49:00+02:00;PT1M;2025-04-08T04:45:00+02:00;DataIssue;0.063;33.382;0.0;0.0;129.17;76.0;76.0
2025-04-08T04:48:00+02:00;PT1M;2025-04-08T04:45:00+02:00;DataIssue;0.078;28.992;0.0;0.0;129.17;76.0;76.0
2025-04-08T04:47:00+02:00;PT1M;2025-04-08T04:45:00+02:00;DataIssue;0.049;31.986;0.0;0.0;129.17;76.0;76.0
2025-04-08T04:46:00+02:00;PT1M;2025-04-08T04:45:00+02:00;DataIssue;0.073;33.228;0.0;0.0;129.17;76.0;76.0
2025-04-08T04:45:00+02:00;PT1M;2025-04-08T04:45:00+02:00;DataIssue;-0.477;22.639;0.0;0.0;129.17;102.585;102.585
2025-04-08T04:44:00+02:00;PT1M;2025-04-08T04:30:00+02:00;DataIssue;0.191;46.636;0.0;0.0;129.17;76.0;76.0
2025-04-08T04:43:00+02:00;PT1M;2025-04-08T04:30:00+02:00;DataIssue;0.205;46.98;0.0;0.0;129.17;76.0;76.0
2025-04-08T04:42:00+02:00;PT1M;2025-04-08T04:30:00+02:00;DataIssue;0.22;47.838;0.0;0.0;129.17;76.0;76.0
2025-04-08T04:41:00+02:00;PT1M;2025-04-08T04:30:00+02:00;DataIssue;0.239;47.15;0.0;0.0;129.17;76.0;76.0
2025-04-08T04:40:00+02:00;PT1M;2025-04-08T04:30:00+02:00;DataIssue;0.26;45.892;0.0;0.0;129.17;76.0;76.0
2025-04-08T04:39:00+02:00;PT1M;2025-04-08T04:30:00+02:00;DataIssue;0.286;43.819;0.0;0.0;129.17;76.0;76.0
2025-04-08T04:38:00+02:00;PT1M;2025-04-08T04:30:00+02:00;DataIssue;0.318;38.807;0.0;0.0;129.17;76.0;76.0
2025-04-08T04:37:00+02:00;PT1M;2025-04-08T04:30:00+02:00;DataIssue;0.358;32.367;0.0;0.0;129.17;76.0;76.0
2025-04-08T04:36:00+02:00;PT1M;2025-04-08T04:30:00+02:00;DataIssue;0.409;28.593;0.0;0.0;129.17;76.0;76.0
2025-04-08T04:35:00+02:00;PT1M;2025-04-08T04:30:00+02:00;DataIssue;0.432;28.396;0.0;0.0;129.17;76.0;76.0
2025-04-08T04:34:00+02:00;PT1M;2025-04-08T04:30:00+02:00;DataIssue;0.324;24.965;0.0;0.0;129.17;102.585;102.585
2025-04-08T04:33:00+02:00;PT1M;2025-04-08T04:30:00+02:00;DataIssue;0.099;27.914;0.0;0.0;129.17;76.0;76.0
2025-04-08T04:32:00+02:00;PT1M;2025-04-08T04:30:00+02:00;DataIssue;0.04;33.44;0.0;0.0;129.17;76.0;76.0
2025-04-08T04:31:00+02:00;PT1M;2025-04-08T04:30:00+02:00;DataIssue;-0.14;28.489;0.0;0.0;129.17;76.0;76.0
2025-04-08T04:30:00+02:00;PT1M;2025-04-08T04:30:00+02:00;DataIssue;-0.005;47.168;0.0;0.0;129.17;76.0;76.0
2025-04-08T04:29:00+02:00;PT1M;2025-04-08T04:15:00+02:00;DataIssue;-0.004;139.964;0.0;0.0;129.17;69.013;69.013
2025-04-08T04:28:00+02:00;PT1M;2025-04-08T04:15:00+02:00;DataIssue;-0.004;145.254;0.0;0.0;129.17;68.558;68.558
2025-04-08T04:27:00+02:00;PT1M;2025-04-08T04:15:00+02:00;DataIssue;-0.004;147.589;0.0;0.0;129.17;70.158;70.158
2025-04-08T04:26:00+02:00;PT1M;2025-04-08T04:15:00+02:00;DataIssue;0.035;146.041;0.0;0.0;129.17;72.947;72.947
2025-04-08T04:25:00+02:00;PT1M;2025-04-08T04:15:00+02:00;DataIssue;0.038;144.723;0.0;0.0;129.17;72.309;72.309
2025-04-08T04:24:00+02:00;PT1M;2025-04-08T04:15:00+02:00;DataIssue;0.042;142.866;0.0;0.0;129.17;71.286;71.286
2025-04-08T04:23:00+02:00;PT1M;2025-04-08T04:15:00+02:00;DataIssue;0.047;140.05;0.0;0.0;129.17;69.449;69.449
2025-04-08T04:22:00+02:00;PT1M;2025-04-08T04:15:00+02:00;DataIssue;0.053;142.53;0.0;0.0;129.17;67.388;67.388
2025-04-08T04:21:00+02:00;PT1M;2025-04-08T04:15:00+02:00;DataIssue;0.06;150.852;1.361;0.0;129.17;65.114;63.753
2025-04-08T04:20:00+02:00;PT1M;2025-04-08T04:15:00+02:00;DataIssue;0.071;160.428;1.464;0.0;129.17;62.423;60.959
2025-04-08T04:19:00+02:00;PT1M;2025-04-08T04:15:00+02:00;DataIssue;0.085;172.222;1.602;0.0;129.17;62.089;60.487
2025-04-08T04:18:00+02:00;PT1M;2025-04-08T04:15:00+02:00;DataIssue;0.107;186.563;1.787;0.0;129.17;60.663;58.876
2025-04-08T04:17:00+02:00;PT1M;2025-04-08T04:15:00+02:00;DataIssue;0.144;197.815;1.947;0.0;129.17;57.034;55.087
2025-04-08T04:16:00+02:00;PT1M;2025-04-08T04:15:00+02:00;DataIssue;0.216;213.267;2.19;0.0;129.17;53.389;51.199
2025-04-08T04:15:00+02:00;PT1M;2025-04-08T04:15:00+02:00;DataIssue;0.582;231.4;1.161;0.0;129.17;57.36;56.199
2025-04-08T04:14:00+02:00;PT1M;2025-04-08T04:00:00+02:00;DataIssue;4.275;101.319;0.0;0.0;129.17;75.7;75.7
2025-04-08T04:13:00+02:00;PT1M;2025-04-08T04:00:00+02:00;DataIssue;4.569;95.062;0.0;0.0;129.17;75.7;75.7
2025-04-08T04:12:00+02:00;PT1M;2025-04-08T04:00:00+02:00;DataIssue;5.128;83.369;0.0;0.0;129.17;75.7;75.7
2025-04-08T04:11:00+02:00;PT1M;2025-04-08T04:00:00+02:00;DataIssue;4.675;69.386;0.0;0.0;129.17;75.7;75.7
2025-04-08T04:10:00+02:00;PT1M;2025-04-08T04:00:00+02:00;DataIssue;5.133;61.604;0.0;0.0;129.17;75.7;75.7
2025-04-08T04:09:00+02:00;PT1M;2025-04-08T04:00:00+02:00;DataIssue;5.666;72.305;0.0;0.0;129.17;75.7;75.7
2025-04-08T04:08:00+02:00;PT1M;2025-04-08T04:00:00+02:00;DataIssue;6.324;83.437;0.0;0.0;129.17;75.7;75.7
2025-04-08T04:07:00+02:00;PT1M;2025-04-08T04:00:00+02:00;DataIssue;7.165;98.02;0.0;0.0;129.17;75.7;75.7
2025-04-08T04:06:00+02:00;PT1M;2025-04-08T04:00:00+02:00;DataIssue;8.289;117.252;0.0;0.0;129.17;75.7;75.7
2025-04-08T04:05:00+02:00;PT1M;2025-04-08T04:00:00+02:00;DataIssue;9.869;137.308;0.0;0.0;129.17;75.7;75.7
2025-04-08T04:04:00+02:00;PT1M;2025-04-08T04:00:00+02:00;DataIssue;12.261;168.285;0.873;0.0;129.17;75.7;74.827
2025-04-08T04:03:00+02:00;PT1M;2025-04-08T04:00:00+02:00;DataIssue;15.22;200.533;1.118;0.0;129.17;75.578;74.46
2025-04-08T04:02:00+02:00;PT1M;2025-04-08T04:00:00+02:00;DataIssue;13.601;220.941;1.307;0.0;129.17;75.369;74.062
2025-04-08T04:01:00+02:00;PT1M;2025-04-08T04:00:00+02:00;DataIssue;20.892;229.215;1.392;0.0;129.17;75.289;73.897
2025-04-08T04:00:00+02:00;PT1M;2025-04-08T04:00:00+02:00;DataIssue;19.228;233.714;1.182;0.0;129.17;75.158;73.976
2025-04-08T03:59:00+02:00;PT1M;2025-04-08T03:45:00+02:00;DataIssue;2.121;-25.893;0.0;0.0;129.17;56.0;129.17
2025-04-08T03:58:00+02:00;PT1M;2025-04-08T03:45:00+02:00;DataIssue;0.206;-42.307;0.0;0.0;129.17;56.0;129.17
2025-04-08T03:57:00+02:00;PT1M;2025-04-08T03:45:00+02:00;DataIssue;-0.262;-49.265;0.0;0.0;129.17;56.0;129.17
2025-04-08T03:56:00+02:00;PT1M;2025-04-08T03:45:00+02:00;DataIssue;-0.284;-37.312;0.0;0.0;129.17;56.0;129.17
2025-04-08T03:55:00+02:00;PT1M;2025-04-08T03:45:00+02:00;DataIssue;-0.31;-33.069;0.0;0.0;129.17;56.0;129.17
2025-04-08T03:54:00+02:00;PT1M;2025-04-08T03:45:00+02:00;DataIssue;-0.341;-26.38;0.0;0.0;129.17;56.0;129.17
2025-04-08T03:53:00+02:00;PT1M;2025-04-08T03:45:00+02:00;DataIssue;-0.379;-23.165;0.0;0.0;92.585;56.0;92.585
2025-04-08T03:52:00+02:00;PT1M;2025-04-08T03:45:00+02:00;DataIssue;-0.374;-18.871;0.0;0.0;92.585;56.0;92.585
2025-04-08T03:51:00+02:00;PT1M;2025-04-08T03:45:00+02:00;DataIssue;-0.289;-21.266;0.0;0.0;92.585;56.0;92.585
2025-04-08T03:50:00+02:00;PT1M;2025-04-08T03:45:00+02:00;DataIssue;-0.465;-28.241;0.0;0.0;129.17;56.0;129.17
2025-04-08T03:49:00+02:00;PT1M;2025-04-08T03:45:00+02:00;DataIssue;-0.399;-26.085;0.0;0.0;129.17;56.0;129.17
2025-04-08T03:48:00+02:00;PT1M;2025-04-08T03:45:00+02:00;DataIssue;-0.399;-33.773;0.0;0.0;129.17;56.0;129.17
2025-04-08T03:47:00+02:00;PT1M;2025-04-08T03:45:00+02:00;DataIssue;-0.58;-33.909;0.0;0.0;129.17;56.0;129.17
2025-04-08T03:46:00+02:00;PT1M;2025-04-08T03:45:00+02:00;DataIssue;-0.612;-24.838;0.0;0.0;92.585;56.0;92.585
2025-04-08T03:45:00+02:00;PT1M;2025-04-08T03:45:00+02:00;DataIssue;-0.118;-13.372;;;;56.0;92.585
2025-04-08T03:44:00+02:00;PT1M;2025-04-08T03:30:00+02:00;DataIssue;1.265;24.068;0.0;0.0;129.17;92.585;92.585
2025-04-08T03:43:00+02:00;PT1M;2025-04-08T03:30:00+02:00;DataIssue;1.344;26.02;0.0;0.0;129.17;56.0;56.0
2025-04-08T03:42:00+02:00;PT1M;2025-04-08T03:30:00+02:00;DataIssue;1.448;29.486;0.0;0.0;129.17;56.0;56.0
2025-04-08T03:41:00+02:00;PT1M;2025-04-08T03:30:00+02:00;DataIssue;1.576;34.802;0.0;0.0;129.17;56.0;56.0
2025-04-08T03:40:00+02:00;PT1M;2025-04-08T03:30:00+02:00;DataIssue;1.771;40.363;0.0;0.0;129.17;56.0;56.0
2025-04-08T03:39:00+02:00;PT1M;2025-04-08T03:30:00+02:00;DataIssue;2.173;43.72;0.0;0.0;129.17;56.0;56.0
2025-04-08T03:38:00+02:00;PT1M;2025-04-08T03:30:00+02:00;DataIssue;2.274;44.13;0.0;0.0;129.17;56.0;56.0
2025-04-08T03:37:00+02:00;PT1M;2025-04-08T03:30:00+02:00;DataIssue;3.155;42.995;0.0;0.0;129.17;56.0;56.0
2025-04-08T03:36:00+02:00;PT1M;2025-04-08T03:30:00+02:00;DataIssue;3.885;37.511;0.0;0.0;129.17;56.0;56.0
2025-04-08T03:35:00+02:00;PT1M;2025-04-08T03:30:00+02:00;DataIssue;2.822;29.598;0.0;0.0;129.17;56.0;56.0
2025-04-08T03:34:00+02:00;PT1M;2025-04-08T03:30:00+02:00;DataIssue;1.116;18.027;0.0;0.0;129.17;92.585;92.585
2025-04-08T03:33:00+02:00;PT1M;2025-04-08T03:30:00+02:00;DataIssue;0.166;4.899;0.0;0.0;129.17;92.585;92.585
2025-04-08T03:32:00+02:00;PT1M;2025-04-08T03:30:00+02:00;DataIssue;0.323;-0.335;0.0;0.0;92.585;56.0;92.585
2025-04-08T03:31:00+02:00;PT1M;2025-04-08T03:30:00+02:00;DataIssue;0.278;-11.833;0.0;0.0;92.585;56.0;92.585
2025-04-08T03:30:00+02:00;PT1M;2025-04-08T03:30:00+02:00;DataIssue;0.104;-35.898;0.0;0.0;129.17;56.0;129.17
2025-04-08T03:29:00+02:00;PT1M;2025-04-08T03:15:00+02:00;DataIssue;1.415;18.352;0.0;0.0;129.17;92.585;92.585
2025-04-08T03:28:00+02:00;PT1M;2025-04-08T03:15:00+02:00;DataIssue;1.516;23.284;0.0;0.0;129.17;92.585;92.585
2025-04-08T03:27:00+02:00;PT1M;2025-04-08T03:15:00+02:00;DataIssue;1.632;28.036;0.0;0.0;129.17;56.0;56.0
2025-04-08T03:26:00+02:00;PT1M;2025-04-08T03:15:00+02:00;DataIssue;1.822;33.84;0.0;0.0;129.17;56.0;56.0
2025-04-08T03:25:00+02:00;PT1M;2025-04-08T03:15:00+02:00;DataIssue;2.012;38.474;0.0;0.0;129.17;56.0;56.0
2025-04-08T03:24:00+02:00;PT1M;2025-04-08T03:15:00+02:00;DataIssue;2.309;47.641;0.0;0.0;129.17;56.0;56.0
2025-04-08T03:23:00+02:00;PT1M;2025-04-08T03:15:00+02:00;DataIssue;2.996;54.496;0.0;0.0;129.17;56.0;56.0
2025-04-08T03:22:00+02:00;PT1M;2025-04-08T03:15:00+02:00;DataIssue;4.052;56.91;0.0;0.0;129.17;56.0;56.0
2025-04-08T03:21:00+02:00;PT1M;2025-04-08T03:15:00+02:00;DataIssue;5.453;57.108;0.0;0.0;129.17;56.0;56.0
2025-04-08T03:20:00+02:00;PT1M;2025-04-08T03:15:00+02:00;DataIssue;5.646;52.667;0.0;0.0;129.17;56.0;56.0
2025-04-08T03:19:00+02:00;PT1M;2025-04-08T03:15:00+02:00;DataIssue;7.171;56.988;0.0;0.0;129.17;56.0;56.0
2025-04-08T03:18:00+02:00;PT1M;2025-04-08T03:15:00+02:00;DataIssue;7.896;54.166;0.0;0.0;129.17;56.0;56.0
2025-04-08T03:17:00+02:00;PT1M;2025-04-08T03:15:00+02:00;DataIssue;1.458;49.757;0.0;0.0;129.17;56.0;56.0
2025-04-08T03:16:00+02:00;PT1M;2025-04-08T03:15:00+02:00;DataIssue;1.143;65.211;0.0;0.0;129.17;56.0;56.0
2025-04-08T03:15:00+02:00;PT1M;2025-04-08T03:15:00+02:00;DataIssue;2.312;85.877;0.0;0.0;129.17;56.0;56.0
2025-04-08T03:14:00+02:00;PT1M;2025-04-08T03:00:00+02:00;DataIssue;-0.055;73.552;0.0;0.0;129.17;55.7;55.7
2025-04-08T03:13:00+02:00;PT1M;2025-04-08T03:00:00+02:00;DataIssue;-0.077;73.449;0.0;0.0;129.17;55.7;55.7
2025-04-08T03:12:00+02:00;PT1M;2025-04-08T03:00:00+02:00;DataIssue;-0.084;72.328;0.0;0.0;129.17;55.7;55.7
2025-04-08T03:11:00+02:00;PT1M;2025-04-08T03:00:00+02:00;DataIssue;-0.091;73.103;0.0;0.0;129.17;55.7;55.7
2025-04-08T03:10:00+02:00;PT1M;2025-04-08T03:00:00+02:00;DataIssue;-0.099;76.077;0.0;0.0;129.17;55.7;55.7
2025-04-08T03:09:00+02:00;PT1M;2025-04-08T03:00:00+02:00;DataIssue;-0.108;76.317;0.0;0.0;129.17;55.7;55.7
2025-04-08T03:08:00+02:00;PT1M;2025-04-08T03:00:00+02:00;DataIssue;-0.004;71.595;0.0;0.0;129.17;55.7;55.7
2025-04-08T03:07:00+02:00;PT1M;2025-04-08T03:00:00+02:00;DataIssue;0.049;67.855;0.0;0.0;129.17;55.7;55.7
2025-04-08T03:06:00+02:00;PT1M;2025-04-08T03:00:00+02:00;DataIssue;0.047;67.85;0.0;0.0;129.17;55.7;55.7
2025-04-08T03:05:00+02:00;PT1M;2025-04-08T03:00:00+02:00;DataIssue;0.057;69.463;0.0;0.0;129.17;55.7;55.7
2025-04-08T03:04:00+02:00;PT1M;2025-04-08T03:00:00+02:00;DataIssue;0.07;73.465;0.0;0.0;129.17;55.7;55.7
2025-04-08T03:03:00+02:00;PT1M;2025-04-08T03:00:00+02:00;DataIssue;0.088;68.081;0.0;0.0;129.17;55.7;55.7
2025-04-08T03:02:00+02:00;PT1M;2025-04-08T03:00:00+02:00;DataIssue;0.118;62.646;0.0;0.0;129.17;55.7;55.7
2025-04-08T03:01:00+02:00;PT1M;2025-04-08T03:00:00+02:00;DataIssue;0.177;51.12;0.0;0.0;129.17;55.7;55.7
2025-04-08T03:00:00+02:00;PT1M;2025-04-08T03:00:00+02:00;DataIssue;0.282;32.941;0.0;0.0;129.17;55.7;55.7
2025-04-08T02:59:00+02:00;PT1M;2025-04-08T02:45:00+02:00;DataIssue;-9.095;-60.864;0.0;0.0;119.0;55.0;119.0
2025-04-08T02:58:00+02:00;PT1M;2025-04-08T02:45:00+02:00;DataIssue;-8.763;-59.028;0.0;0.0;119.0;55.0;119.0
2025-04-08T02:57:00+02:00;PT1M;2025-04-08T02:45:00+02:00;DataIssue;-9.659;-62.381;0.0;0.0;119.0;55.0;119.0
2025-04-08T02:56:00+02:00;PT1M;2025-04-08T02:45:00+02:00;DataIssue;-10.806;-68.254;0.0;0.0;119.0;55.0;119.0
2025-04-08T02:55:00+02:00;PT1M;2025-04-08T02:45:00+02:00;DataIssue;-12.474;-76.494;0.0;0.0;119.0;55.0;119.0
2025-04-08T02:54:00+02:00;PT1M;2025-04-08T02:45:00+02:00;DataIssue;-15.644;-87.546;0.0;0.0;119.0;55.0;119.0
2025-04-08T02:53:00+02:00;PT1M;2025-04-08T02:45:00+02:00;DataIssue;-18.124;-93.546;0.0;0.0;119.0;55.0;119.0
2025-04-08T02:52:00+02:00;PT1M;2025-04-08T02:45:00+02:00;DataIssue;-19.093;-94.781;0.0;0.0;119.0;55.0;119.0
2025-04-08T02:51:00+02:00;PT1M;2025-04-08T02:45:00+02:00;DataIssue;-22.822;-97.281;0.0;0.0;119.0;55.0;119.0
2025-04-08T02:50:00+02:00;PT1M;2025-04-08T02:45:00+02:00;DataIssue;-22.236;-91.724;0.0;0.0;119.0;55.0;119.0
2025-04-08T02:49:00+02:00;PT1M;2025-04-08T02:45:00+02:00;DataIssue;-20.611;-89.577;0.0;0.0;119.0;55.0;119.0
2025-04-08T02:48:00+02:00;PT1M;2025-04-08T02:45:00+02:00;DataIssue;-14.908;-83.347;0.0;0.0;119.0;55.0;119.0
2025-04-08T02:47:00+02:00;PT1M;2025-04-08T02:45:00+02:00;DataIssue;-6.201;-65.236;0.0;0.0;119.0;55.0;119.0
2025-04-08T02:46:00+02:00;PT1M;2025-04-08T02:45:00+02:00;DataIssue;-5.509;-34.806;0.0;0.0;119.0;55.0;119.0
2025-04-08T02:45:00+02:00;PT1M;2025-04-08T02:45:00+02:00;DataIssue;-0.548;1.105;0.0;0.0;119.0;87.0;87.0
2025-04-08T02:44:00+02:00;PT1M;2025-04-08T02:30:00+02:00;DataIssue;-0.514;-74.801;0.0;0.0;119.0;55.0;119.0
2025-04-08T02:43:00+02:00;PT1M;2025-04-08T02:30:00+02:00;DataIssue;-0.621;-77.704;0.0;0.0;119.0;55.0;119.0
2025-04-08T02:42:00+02:00;PT1M;2025-04-08T02:30:00+02:00;DataIssue;-0.706;-78.723;0.0;0.0;119.0;55.0;119.0
2025-04-08T02:41:00+02:00;PT1M;2025-04-08T02:30:00+02:00;DataIssue;-1.005;-79.721;0.0;0.0;119.0;55.0;119.0
2025-04-08T02:40:00+02:00;PT1M;2025-04-08T02:30:00+02:00;DataIssue;-0.863;-82.114;0.0;0.0;119.0;55.0;119.0
2025-04-08T02:39:00+02:00;PT1M;2025-04-08T02:30:00+02:00;DataIssue;-1.638;-76.352;0.0;0.0;119.0;55.0;119.0
2025-04-08T02:38:00+02:00;PT1M;2025-04-08T02:30:00+02:00;DataIssue;-2.57;-67.4;0.0;0.0;119.0;55.0;119.0
2025-04-08T02:37:00+02:00;PT1M;2025-04-08T02:30:00+02:00;DataIssue;-2.973;-53.867;0.0;0.0;119.0;55.0;119.0
2025-04-08T02:36:00+02:00;PT1M;2025-04-08T02:30:00+02:00;DataIssue;-4.948;-34.482;0.0;0.0;119.0;55.0;119.0
2025-04-08T02:35:00+02:00;PT1M;2025-04-08T02:30:00+02:00;DataIssue;-6.769;-13.703;0.0;0.0;87.0;55.0;87.0
2025-04-08T02:34:00+02:00;PT1M;2025-04-08T02:30:00+02:00;DataIssue;-8.739;8.576;0.0;0.0;119.0;87.0;87.0
2025-04-08T02:33:00+02:00;PT1M;2025-04-08T02:30:00+02:00;DataIssue;-8.119;30.269;0.0;0.0;119.0;55.0;55.0
2025-04-08T02:32:00+02:00;PT1M;2025-04-08T02:30:00+02:00;DataIssue;-7.58;38.237;0.0;0.0;119.0;55.0;55.0
2025-04-08T02:31:00+02:00;PT1M;2025-04-08T02:30:00+02:00;DataIssue;-4.952;50.972;0.0;0.0;119.0;55.0;55.0
2025-04-08T02:30:00+02:00;PT1M;2025-04-08T02:30:00+02:00;DataIssue;-3.139;88.484;0.0;0.0;119.0;55.0;55.0
2025-04-08T02:29:00+02:00;PT1M;2025-04-08T02:15:00+02:00;DataIssue;2.003;-27.955;0.0;0.0;129.17;55.0;129.17
2025-04-08T02:28:00+02:00;PT1M;2025-04-08T02:15:00+02:00;DataIssue;1.747;-33.293;0.0;0.0;129.17;55.0;129.17
2025-04-08T02:27:00+02:00;PT1M;2025-04-08T02:15:00+02:00;DataIssue;0.848;-33.771;0.0;0.0;129.17;55.0;129.17
2025-04-08T02:26:00+02:00;PT1M;2025-04-08T02:15:00+02:00;DataIssue;0.169;-30.594;0.0;0.0;129.17;55.0;129.17
2025-04-08T02:25:00+02:00;PT1M;2025-04-08T02:15:00+02:00;DataIssue;-0.024;-28.136;0.0;0.0;129.17;55.0;129.17
2025-04-08T02:24:00+02:00;PT1M;2025-04-08T02:15:00+02:00;DataIssue;-0.513;-27.233;0.0;0.0;129.17;55.0;129.17
2025-04-08T02:23:00+02:00;PT1M;2025-04-08T02:15:00+02:00;DataIssue;-0.669;-24.431;0.0;0.0;92.085;55.0;92.085
2025-04-08T02:22:00+02:00;PT1M;2025-04-08T02:15:00+02:00;DataIssue;-0.909;-24.49;0.0;0.0;92.085;55.0;92.085
2025-04-08T02:21:00+02:00;PT1M;2025-04-08T02:15:00+02:00;DataIssue;-1.097;-24.78;0.0;0.0;92.085;55.0;92.085
2025-04-08T02:20:00+02:00;PT1M;2025-04-08T02:15:00+02:00;DataIssue;-1.017;-29.291;0.0;0.0;129.17;55.0;129.17
2025-04-08T02:19:00+02:00;PT1M;2025-04-08T02:15:00+02:00;DataIssue;-1.637;-34.42;0.0;0.0;129.17;55.0;129.17
2025-04-08T02:18:00+02:00;PT1M;2025-04-08T02:15:00+02:00;DataIssue;-1.522;-37.098;0.0;0.0;129.17;55.0;129.17
2025-04-08T02:17:00+02:00;PT1M;2025-04-08T02:15:00+02:00;DataIssue;-2.78;-48.124;0.0;0.0;129.17;55.0;129.17
2025-04-08T02:16:00+02:00;PT1M;2025-04-08T02:15:00+02:00;DataIssue;-5.452;-48.634;0.0;0.0;129.17;55.0;129.17
2025-04-08T02:15:00+02:00;PT1M;2025-04-08T02:15:00+02:00;DataIssue;-0.6;-15.787;0.0;0.0;92.085;55.0;92.085
2025-04-08T02:14:00+02:00;PT1M;2025-04-08T02:00:00+02:00;DataIssue;2.74;-57.051;0.0;0.0;129.17;55.0;129.17
2025-04-08T02:13:00+02:00;PT1M;2025-04-08T02:00:00+02:00;DataIssue;2.947;-57.482;0.0;0.0;129.17;55.0;129.17
2025-04-08T02:12:00+02:00;PT1M;2025-04-08T02:00:00+02:00;DataIssue;2.949;-56.555;0.0;0.0;129.17;55.0;129.17
2025-04-08T02:11:00+02:00;PT1M;2025-04-08T02:00:00+02:00;DataIssue;2.238;-56.732;0.0;0.0;129.17;55.0;129.17
2025-04-08T02:10:00+02:00;PT1M;2025-04-08T02:00:00+02:00;DataIssue;3.281;-48.882;0.0;0.0;129.17;55.0;129.17
2025-04-08T02:09:00+02:00;PT1M;2025-04-08T02:00:00+02:00;DataIssue;2.787;-39.5;0.0;0.0;129.17;55.0;129.17
2025-04-08T02:08:00+02:00;PT1M;2025-04-08T02:00:00+02:00;DataIssue;2.194;-32.471;0.0;0.0;129.17;55.0;129.17
2025-04-08T02:07:00+02:00;PT1M;2025-04-08T02:00:00+02:00;DataIssue;-0.112;-24.281;0.0;0.0;92.085;55.0;92.085
2025-04-08T02:06:00+02:00;PT1M;2025-04-08T02:00:00+02:00;DataIssue;-1.989;-13.149;0.0;0.0;92.085;55.0;92.085
2025-04-08T02:05:00+02:00;PT1M;2025-04-08T02:00:00+02:00;DataIssue;-3.843;0.651;0.0;0.0;129.17;92.085;92.085
2025-04-08T02:04:00+02:00;PT1M;2025-04-08T02:00:00+02:00;DataIssue;-2.523;20.109;0.0;0.0;129.17;92.085;92.085
2025-04-08T02:03:00+02:00;PT1M;2025-04-08T02:00:00+02:00;DataIssue;-0.463;38.046;0.0;0.0;129.17;55.0;55.0
2025-04-08T02:02:00+02:00;PT1M;2025-04-08T02:00:00+02:00;DataIssue;-2.39;25.504;0.0;0.0;129.17;55.0;55.0
2025-04-08T02:01:00+02:00;PT1M;2025-04-08T02:00:00+02:00;DataIssue;0.928;41.308;0.0;0.0;129.17;55.0;55.0
2025-04-08T02:00:00+02:00;PT1M;2025-04-08T02:00:00+02:00;DataIssue;1.092;66.846;0.0;0.0;129.17;55.0;55.0
2025-04-08T01:59:00+02:00;PT1M;2025-04-08T01:45:00+02:00;DataIssue;-9.544;-31.423;0.0;0.0;119.0;55.0;119.0
2025-04-08T01:58:00+02:00;PT1M;2025-04-08T01:45:00+02:00;DataIssue;-10.033;-42.075;0.0;0.0;119.0;55.0;119.0
2025-04-08T01:57:00+02:00;PT1M;2025-04-08T01:45:00+02:00;DataIssue;-10.326;-51.211;0.0;0.0;119.0;55.0;119.0
2025-04-08T01:56:00+02:00;PT1M;2025-04-08T01:45:00+02:00;DataIssue;-10.236;-58.452;0.0;0.0;119.0;55.0;119.0
2025-04-08T01:55:00+02:00;PT1M;2025-04-08T01:45:00+02:00;DataIssue;-9.859;-63.058;0.0;0.0;119.0;55.0;119.0
2025-04-08T01:54:00+02:00;PT1M;2025-04-08T01:45:00+02:00;DataIssue;-9.308;-72.253;0.0;0.0;119.0;55.0;119.0
2025-04-08T01:53:00+02:00;PT1M;2025-04-08T01:45:00+02:00;DataIssue;-9.756;-83.386;0.0;0.0;119.0;55.0;119.0
2025-04-08T01:52:00+02:00;PT1M;2025-04-08T01:45:00+02:00;DataIssue;-10.8;-87.425;0.0;0.0;119.0;55.0;119.0
2025-04-08T01:51:00+02:00;PT1M;2025-04-08T01:45:00+02:00;DataIssue;-11.711;-93.364;0.0;0.0;119.0;55.0;119.0
2025-04-08T01:50:00+02:00;PT1M;2025-04-08T01:45:00+02:00;DataIssue;-12.292;-95.024;0.0;0.0;119.0;55.0;119.0
2025-04-08T01:49:00+02:00;PT1M;2025-04-08T01:45:00+02:00;DataIssue;-11.046;-88.103;0.0;0.0;119.0;55.0;119.0
2025-04-08T01:48:00+02:00;PT1M;2025-04-08T01:45:00+02:00;DataIssue;-10.629;-89.511;0.0;0.0;119.0;55.0;119.0
2025-04-08T01:47:00+02:00;PT1M;2025-04-08T01:45:00+02:00;DataIssue;-12.05;-82.168;0.0;0.0;119.0;55.0;119.0
2025-04-08T01:46:00+02:00;PT1M;2025-04-08T01:45:00+02:00;DataIssue;-9.944;-68.226;0.0;0.0;119.0;55.0;119.0
2025-04-08T01:45:00+02:00;PT1M;2025-04-08T01:45:00+02:00;DataIssue;-0.811;0.487;0.0;0.0;119.0;87.0;87.0
2025-04-08T01:44:00+02:00;PT1M;2025-04-08T01:30:00+02:00;DataIssue;-1.513;-34.168;0.0;0.0;129.17;55.0;129.17
2025-04-08T01:43:00+02:00;PT1M;2025-04-08T01:30:00+02:00;DataIssue;-1.622;-34.031;0.0;0.0;129.17;55.0;
2025-04-08T01:42:00+02:00;PT1M;2025-04-08T01:30:00+02:00;DataIssue;-1.741;-34.812;0.0;0.0;129.17;55.0;129.17
2025-04-08T01:41:00+02:00;PT1M;2025-04-08T01:30:00+02:00;DataIssue;-1.886;-31.636;0.0;0.0;129.17;55.0;129.17
2025-04-08T01:40:00+02:00;PT1M;2025-04-08T01:30:00+02:00;DataIssue;-2.05;-29.253;0.0;0.0;129.17;55.0;129.17
2025-04-08T01:39:00+02:00;PT1M;2025-04-08T01:30:00+02:00;DataIssue;-2.248;-28.41;0.0;0.0;129.17;55.0;129.17
2025-04-08T01:38:00+02:00;PT1M;2025-04-08T01:30:00+02:00;DataIssue;-2.496;-23.534;0.0;0.0;92.085;55.0;92.085
2025-04-08T01:37:00+02:00;PT1M;2025-04-08T01:30:00+02:00;DataIssue;-2.785;-18.305;0.0;0.0;92.085;55.0;92.085
2025-04-08T01:36:00+02:00;PT1M;2025-04-08T01:30:00+02:00;DataIssue;-3.213;-15.059;0.0;0.0;92.085;55.0;92.085
2025-04-08T01:35:00+02:00;PT1M;2025-04-08T01:30:00+02:00;DataIssue;-3.509;-13.046;0.0;0.0;92.085;55.0;92.085
2025-04-08T01:34:00+02:00;PT1M;2025-04-08T01:30:00+02:00;DataIssue;-3.822;-10.612;0.0;0.0;92.085;55.0;92.085
2025-04-08T01:33:00+02:00;PT1M;2025-04-08T01:30:00+02:00;DataIssue;-3.912;-16.578;0.0;0.0;92.085;55.0;92.085
2025-04-08T01:32:00+02:00;PT1M;2025-04-08T01:30:00+02:00;DataIssue;-5.538;-34.755;0.0;0.0;129.17;55.0;129.17
2025-04-08T01:31:00+02:00;PT1M;2025-04-08T01:30:00+02:00;DataIssue;-9.167;-37.387;0.0;0.0;129.17;55.0;129.17
2025-04-08T01:30:00+02:00;PT1M;2025-04-08T01:30:00+02:00;DataIssue;-6.36;27.243;0.0;0.0;129.17;55.0;55.0
2025-04-08T01:29:00+02:00;PT1M;2025-04-08T01:15:00+02:00;DataIssue;-12.757;-19.074;0.0;0.0;92.085;55.0;92.085
2025-04-08T01:28:00+02:00;PT1M;2025-04-08T01:15:00+02:00;DataIssue;-13.028;-25.746;0.0;0.0;129.17;55.0;129.17
2025-04-08T01:27:00+02:00;PT1M;2025-04-08T01:15:00+02:00;DataIssue;-13.937;-33.545;0.0;0.0;132.018;55.0;132.018
2025-04-08T01:26:00+02:00;PT1M;2025-04-08T01:15:00+02:00;DataIssue;-14.914;-41.394;0.0;0.0;136.281;55.0;136.281
2025-04-08T01:25:00+02:00;PT1M;2025-04-08T01:15:00+02:00;DataIssue;-16.077;-47.335;0.0;0.0;137.137;55.0;137.137
2025-04-08T01:24:00+02:00;PT1M;2025-04-08T01:15:00+02:00;DataIssue;-17.419;-49.132;0.0;0.0;137.484;55.0;137.484
2025-04-08T01:23:00+02:00;PT1M;2025-04-08T01:15:00+02:00;DataIssue;-19.142;-52.701;0.0;0.0;137.495;55.0;137.495
2025-04-08T01:22:00+02:00;PT1M;2025-04-08T01:15:00+02:00;DataIssue;-20.418;-55.937;0.0;0.0;137.549;55.0;137.549
2025-04-08T01:21:00+02:00;PT1M;2025-04-08T01:15:00+02:00;DataIssue;-22.917;-72.178;0.0;0.0;138.715;55.0;138.715
2025-04-08T01:20:00+02:00;PT1M;2025-04-08T01:15:00+02:00;DataIssue;-27.201;-101.835;0.0;0.0;140.976;55.0;140.976
2025-04-08T01:19:00+02:00;PT1M;2025-04-08T01:15:00+02:00;DataIssue;-35.812;-129.504;0.0;0.0;141.368;55.0;141.368
2025-04-08T01:18:00+02:00;PT1M;2025-04-08T01:15:00+02:00;DataIssue;-52.643;-155.96;0.983;0.0;141.834;55.0;142.817
2025-04-08T01:17:00+02:00;PT1M;2025-04-08T01:15:00+02:00;DataIssue;-54.758;-159.905;1.013;0.0;139.154;55.0;140.167
2025-04-08T01:16:00+02:00;PT1M;2025-04-08T01:15:00+02:00;DataIssue;-56.435;-162.774;1.036;0.0;138.753;55.0;139.789
2025-04-08T01:15:00+02:00;PT1M;2025-04-08T01:15:00+02:00;DataIssue;-54.158;-148.563;0.0;0.0;131.743;55.0;131.743
2025-04-08T01:14:00+02:00;PT1M;2025-04-08T01:00:00+02:00;DataIssue;-5.286;53.715;0.0;0.0;129.17;55.0;55.0
2025-04-08T01:13:00+02:00;PT1M;2025-04-08T01:00:00+02:00;DataIssue;-5.132;58.892;0.0;0.0;129.253;55.0;55.0
2025-04-08T01:12:00+02:00;PT1M;2025-04-08T01:00:00+02:00;DataIssue;-4.886;54.796;0.0;0.0;130.607;55.0;55.0
2025-04-08T01:11:00+02:00;PT1M;2025-04-08T01:00:00+02:00;DataIssue;-4.945;50.252;0.0;0.0;133.509;55.0;55.0
2025-04-08T01:10:00+02:00;PT1M;2025-04-08T01:00:00+02:00;DataIssue;-5.68;38.654;0.0;0.0;135.036;55.0;55.0
2025-04-08T01:09:00+02:00;PT1M;2025-04-08T01:00:00+02:00;DataIssue;-6.081;29.49;0.0;0.0;137.259;55.0;55.0
2025-04-08T01:08:00+02:00;PT1M;2025-04-08T01:00:00+02:00;DataIssue;-5.362;19.991;0.0;0.0;138.354;92.085;92.085
2025-04-08T01:07:00+02:00;PT1M;2025-04-08T01:00:00+02:00;DataIssue;-4.85;18.682;0.0;0.0;138.744;92.085;
2025-04-08T01:06:00+02:00;PT1M;2025-04-08T01:00:00+02:00;DataIssue;-6.966;-4.489;0.0;0.0;92.085;55.0;92.085
2025-04-08T01:05:00+02:00;PT1M;2025-04-08T01:00:00+02:00;DataIssue;-12.862;-34.29;0.0;0.0;144.397;55.0;144.397
2025-04-08T01:04:00+02:00;PT1M;2025-04-08T01:00:00+02:00;DataIssue;-24.412;-70.633;0.0;0.0;147.179;55.0;147.179
2025-04-08T01:03:00+02:00;PT1M;2025-04-08T01:00:00+02:00;DataIssue;-32.002;-62.903;0.0;0.0;148.843;55.0;148.843
2025-04-08T01:02:00+02:00;PT1M;2025-04-08T01:00:00+02:00;DataIssue;-39.675;-47.294;0.0;0.0;143.416;55.0;143.416
2025-04-08T01:01:00+02:00;PT1M;2025-04-08T01:00:00+02:00;DataIssue;-12.603;31.533;0.0;0.0;129.17;55.0;55.0
2025-04-08T01:00:00+02:00;PT1M;2025-04-08T01:00:00+02:00;DataIssue;1.774;80.766;0.0;0.0;129.17;55.0;55.0
2025-04-08T00:59:00+02:00;PT1M;2025-04-08T00:45:00+02:00;DataIssue;-0.499;43.645;0.0;0.0;129.17;55.0;55.0
2025-04-08T00:58:00+02:00;PT1M;2025-04-08T00:45:00+02:00;DataIssue;-1.031;31.733;0.0;0.0;129.17;55.0;55.0
2025-04-08T00:57:00+02:00;PT1M;2025-04-08T00:45:00+02:00;DataIssue;-1.523;26.889;0.0;0.0;129.17;55.0;55.0
2025-04-08T00:56:00+02:00;PT1M;2025-04-08T00:45:00+02:00;DataIssue;-1.548;26.389;0.0;0.0;129.17;55.0;55.0
2025-04-08T00:55:00+02:00;PT1M;2025-04-08T00:45:00+02:00;DataIssue;-1.785;26.192;0.0;0.0;129.17;55.0;55.0
2025-04-08T00:54:00+02:00;PT1M;2025-04-08T00:45:00+02:00;DataIssue;-2.334;27.538;0.0;0.0;129.17;55.0;55.0
2025-04-08T00:53:00+02:00;PT1M;2025-04-08T00:45:00+02:00;DataIssue;-2.6;33.793;0.0;0.0;129.17;55.0;55.0
2025-04-08T00:52:00+02:00;PT1M;2025-04-08T00:45:00+02:00;DataIssue;-2.906;34.976;0.0;0.0;129.17;55.0;55.0
2025-04-08T00:51:00+02:00;PT1M;2025-04-08T00:45:00+02:00;DataIssue;-3.33;28.686;0.0;0.0;129.17;55.0;55.0
2025-04-08T00:50:00+02:00;PT1M;2025-04-08T00:45:00+02:00;DataIssue;-4.281;25.713;0.0;0.0;129.17;55.0;55.0
2025-04-08T00:49:00+02:00;PT1M;2025-04-08T00:45:00+02:00;DataIssue;-5.927;22.163;0.0;0.0;129.17;92.085;92.085
2025-04-08T00:48:00+02:00;PT1M;2025-04-08T00:45:00+02:00;DataIssue;-7.214;6.32;0.0;0.0;130.535;92.085;92.085
2025-04-08T00:47:00+02:00;PT1M;2025-04-08T00:45:00+02:00;DataIssue;-6.552;0.669;0.0;0.0;130.132;92.085;92.085
2025-04-08T00:46:00+02:00;PT1M;2025-04-08T00:45:00+02:00;DataIssue;-5.833;-18.958;0.0;0.0;92.085;55.0;92.085
2025-04-08T00:45:00+02:00;PT1M;2025-04-08T00:45:00+02:00;DataIssue;-4.925;-37.083;0.0;0.0;129.17;55.0;129.17
2025-04-08T00:44:00+02:00;PT1M;2025-04-08T00:30:00+02:00;DataIssue;-7.002;271.985;10.392;0.0;129.17;42.0;31.608
2025-04-08T00:43:00+02:00;PT1M;2025-04-08T00:30:00+02:00;DataIssue;-7.362;284.095;11.349;0.0;129.17;42.0;30.651
2025-04-08T00:42:00+02:00;PT1M;2025-04-08T00:30:00+02:00;DataIssue;-7.914;292.701;12.079;0.0;129.17;42.0;29.921
2025-04-08T00:41:00+02:00;PT1M;2025-04-08T00:30:00+02:00;DataIssue;-8.694;292.51;12.062;0.0;129.17;42.0;29.938
2025-04-08T00:40:00+02:00;PT1M;2025-04-08T00:30:00+02:00;DataIssue;-8.74;293.939;12.187;0.0;129.17;42.0;29.813
2025-04-08T00:39:00+02:00;PT1M;2025-04-08T00:30:00+02:00;DataIssue;-8.158;292.615;12.071;0.0;129.17;42.0;29.929
2025-04-08T00:38:00+02:00;PT1M;2025-04-08T00:30:00+02:00;DataIssue;-7.96;284.819;11.409;0.0;129.17;42.0;30.591
2025-04-08T00:37:00+02:00;PT1M;2025-04-08T00:30:00+02:00;DataIssue;-8.573;280.109;11.025;0.0;129.17;42.0;30.975
2025-04-08T00:36:00+02:00;PT1M;2025-04-08T00:30:00+02:00;DataIssue;-8.648;278.0;10.857;0.0;129.17;42.0;31.143
2025-04-08T00:35:00+02:00;PT1M;2025-04-08T00:30:00+02:00;DataIssue;-7.697;269.816;10.229;0.0;129.17;42.0;31.771
2025-04-08T00:34:00+02:00;PT1M;2025-04-08T00:30:00+02:00;DataIssue;-6.666;260.963;9.588;0.0;129.47;42.0;32.412
2025-04-08T00:33:00+02:00;PT1M;2025-04-08T00:30:00+02:00;DataIssue;-3.472;273.332;10.495;0.0;129.17;42.0;31.505
2025-04-08T00:32:00+02:00;PT1M;2025-04-08T00:30:00+02:00;DataIssue;-0.74;273.81;10.531;0.0;129.17;42.0;31.469
2025-04-08T00:31:00+02:00;PT1M;2025-04-08T00:30:00+02:00;DataIssue;-0.172;272.257;10.413;0.0;129.17;42.0;31.587
2025-04-08T00:30:00+02:00;PT1M;2025-04-08T00:30:00+02:00;DataIssue;-0.459;272.137;1.585;0.0;129.17;42.0;40.415
2025-04-08T00:29:00+02:00;PT1M;2025-04-08T00:15:00+02:00;DataIssue;0.062;250.505;5.533;0.0;129.17;55.0;49.467
2025-04-08T00:28:00+02:00;PT1M;2025-04-08T00:15:00+02:00;DataIssue;0.001;253.929;5.676;0.0;129.17;55.0;49.324
2025-04-08T00:27:00+02:00;PT1M;2025-04-08T00:15:00+02:00;DataIssue;0.001;260.516;5.962;0.0;129.17;55.0;49.038
2025-04-08T00:26:00+02:00;PT1M;2025-04-08T00:15:00+02:00;DataIssue;0.001;267.937;;0.0;;55.0;
2025-04-08T00:25:00+02:00;PT1M;2025-04-08T00:15:00+02:00;DataIssue;0.001;279.874;6.887;0.0;129.17;55.0;48.113
2025-04-08T00:24:00+02:00;PT1M;2025-04-08T00:15:00+02:00;DataIssue;0.002;292.6;7.568;0.0;129.17;55.0;47.432
2025-04-08T00:23:00+02:00;PT1M;2025-04-08T00:15:00+02:00;DataIssue;0.002;313.303;8.817;0.0;129.17;55.0;46.183
2025-04-08T00:22:00+02:00;PT1M;2025-04-08T00:15:00+02:00;DataIssue;0.004;333.079;10.192;0.0;129.17;55.0;44.808
2025-04-08T00:21:00+02:00;PT1M;2025-04-08T00:15:00+02:00;DataIssue;0.01;359.162;12.317;0.0;129.17;55.0;42.683
2025-04-08T00:20:00+02:00;PT1M;2025-04-08T00:15:00+02:00;DataIssue;0.027;375.163;13.819;0.0;129.17;55.0;41.181
2025-04-08T00:19:00+02:00;PT1M;2025-04-08T00:15:00+02:00;DataIssue;-0.011;380.971;14.405;0.0;129.17;55.0;40.595
2025-04-08T00:18:00+02:00;PT1M;2025-04-08T00:15:00+02:00;DataIssue;-0.012;391.356;15.51;0.0;129.17;55.0;39.49
2025-04-08T00:17:00+02:00;PT1M;2025-04-08T00:15:00+02:00;DataIssue;-0.013;379.457;14.25;0.0;129.17;55.0;40.75
2025-04-08T00:16:00+02:00;PT1M;2025-04-08T00:15:00+02:00;DataIssue;-0.001;358.805;12.285;0.0;129.17;55.0;42.715
2025-04-08T00:15:00+02:00;PT1M;2025-04-08T00:15:00+02:00;DataIssue;-0.001;330.911;2.48;0.0;129.17;55.0;52.52
2025-04-08T00:14:00+02:00;PT1M;2025-04-08T00:00:00+02:00;DataIssue;-2.52;186.748;1.419;0.0;103.72;55.0;53.581
2025-04-08T00:13:00+02:00;PT1M;2025-04-08T00:00:00+02:00;DataIssue;-2.687;176.244;1.31;0.0;103.72;55.0;53.69
2025-04-08T00:12:00+02:00;PT1M;2025-04-08T00:00:00+02:00;DataIssue;-2.901;167.372;1.224;0.0;103.72;54.953;53.729
2025-04-08T00:11:00+02:00;PT1M;2025-04-08T00:00:00+02:00;DataIssue;-3.131;161.114;1.167;0.0;103.72;55.0;53.833
2025-04-08T00:10:00+02:00;PT1M;2025-04-08T00:00:00+02:00;DataIssue;-3.362;155.74;1.12;0.0;103.72;55.0;53.88
2025-04-08T00:09:00+02:00;PT1M;2025-04-08T00:00:00+02:00;DataIssue;-3.704;144.415;0.0;0.0;103.72;55.0;55.0
2025-04-08T00:08:00+02:00;PT1M;2025-04-08T00:00:00+02:00;DataIssue;-4.059;130.702;0.0;0.0;103.72;55.0;55.0
2025-04-08T00:07:00+02:00;PT1M;2025-04-08T00:00:00+02:00;DataIssue;-4.352;111.924;0.0;0.0;103.72;55.0;55.0
2025-04-08T00:06:00+02:00;PT1M;2025-04-08T00:00:00+02:00;DataIssue;-3.39;84.312;0.0;0.0;103.72;55.0;55.0
2025-04-08T00:05:00+02:00;PT1M;2025-04-08T00:00:00+02:00;DataIssue;-0.324;50.124;0.0;0.0;103.72;55.0;55.0
2025-04-08T00:04:00+02:00;PT1M;2025-04-08T00:00:00+02:00;DataIssue;-3.551;4.481;0.0;0.0;103.72;79.36;79.36
2025-04-08T00:03:00+02:00;PT1M;2025-04-08T00:00:00+02:00;DataIssue;-5.508;-33.219;0.0;0.0;103.72;55.0;103.72
2025-04-08T00:02:00+02:00;PT1M;2025-04-08T00:00:00+02:00;DataIssue;-7.623;-82.439;0.0;0.0;103.72;55.0;103.72
2025-04-08T00:01:00+02:00;PT1M;2025-04-08T00:00:00+02:00;DataIssue;-11.341;-130.538;0.0;0.0;103.72;55.0;103.72
2025-04-08T00:00:00+02:00;PT1M;2025-04-08T00:00:00+02:00;DataIssue;-34.63;-129.842;0.0;0.0;103.72;55.0;103.72
